{
  "main": {
    "id": "067a3d0450d99821",
    "type": "split",
    "children": [
      {
        "id": "d4caf1da80f227ca",
        "type": "tabs",
        "children": [
          {
            "id": "6d91bf4dff4508db",
            "type": "leaf",
            "state": {
              "type": "markdown",
              "state": {
                "file": "Day-3/4. Arp Spoofing.md",
                "mode": "source",
                "source": false
              }
            }
          },
          {
            "id": "8ca4c51eee60a3d8",
            "type": "leaf",
            "state": {
              "type": "markdown",
              "state": {
                "file": "Day-3/1. Buffer overflow.md",
                "mode": "source",
                "source": false
              }
            }
          },
          {
            "id": "bf7245152f90f006",
            "type": "leaf",
            "state": {
              "type": "markdown",
              "state": {
                "file": "Day-4/1. Password sniffing in wifi network.md",
                "mode": "source",
                "source": false
              }
            }
          },
          {
            "id": "3a5d9e6d242fcb5c",
            "type": "leaf",
            "state": {
              "type": "markdown",
              "state": {
                "file": "Day-4/2. Reconnaissance on wifi network using aircrack-ng.md",
                "mode": "source",
                "source": false
              }
            }
          },
          {
            "id": "867f7eb5f963daed",
            "type": "leaf",
            "state": {
              "type": "markdown",
              "state": {
                "file": "Day-4/3. Wifi password cracking lab.md",
                "mode": "source",
                "source": false
              }
            }
          },
          {
            "id": "ec36b11c8e21563a",
            "type": "leaf",
            "state": {
              "type": "markdown",
              "state": {
                "file": "Day-4/4. IDS Lab.md",
                "mode": "source",
                "source": false
              }
            }
          },
          {
            "id": "aeb84f4f42093aff",
            "type": "leaf",
            "state": {
              "type": "markdown",
              "state": {
                "file": "Day-2/1.1 Manual Tools to check malware.md",
                "mode": "preview",
                "source": false
              }
            }
          },
          {
            "id": "5e0ac1c8f7d8759e",
            "type": "leaf",
            "state": {
              "type": "markdown",
              "state": {
                "file": "Day-4/4.2 Using Zeek  NIDS.md",
                "mode": "source",
                "source": false
              }
            }
          },
          {
            "id": "bb0a106e4411a7a0",
            "type": "leaf",
            "state": {
              "type": "markdown",
              "state": {
                "file": "Day-4/5. Visualization of network traffic data.md",
                "mode": "source",
                "source": false
              }
            }
          },
          {
            "id": "677881e8ea9e4fa7",
            "type": "leaf",
            "state": {
              "type": "markdown",
              "state": {
                "file": "Day-4/6. Visualization of security events using ELK.md",
                "mode": "source",
                "source": false
              }
            }
          },
          {
            "id": "e3fdfc0807a978af",
            "type": "leaf",
            "state": {
              "type": "markdown",
              "state": {
                "file": "Day-4/7. Host- Endpoint Intrusion Detection Lab using Wazuh.md",
                "mode": "source",
                "source": false
              }
            }
          },
          {
            "id": "3ed1c95bd31ddb50",
            "type": "leaf",
            "state": {
              "type": "markdown",
              "state": {
                "file": "Day-4/4.1  Using Snort NIDS.md",
                "mode": "source",
                "source": false
              }
            }
          }
        ],
        "currentTab": 6
      }
    ],
    "direction": "vertical"
  },
  "left": {
    "id": "14ff8439f5e75492",
    "type": "split",
    "children": [
      {
        "id": "fa33c23d2e1b5b28",
        "type": "tabs",
        "children": [
          {
            "id": "c7d12c1db4018cac",
            "type": "leaf",
            "state": {
              "type": "file-explorer",
              "state": {
                "sortOrder": "alphabetical"
              }
            }
          },
          {
            "id": "ac0fb000a5cd4078",
            "type": "leaf",
            "state": {
              "type": "search",
              "state": {
                "query": "",
                "matchingCase": false,
                "explainSearch": false,
                "collapseAll": false,
                "extraContext": false,
                "sortOrder": "alphabetical"
              }
            }
          },
          {
            "id": "0b63359c9a146258",
            "type": "leaf",
            "state": {
              "type": "bookmarks",
              "state": {}
            }
          }
        ]
      }
    ],
    "direction": "horizontal",
    "width": 300
  },
  "right": {
    "id": "1e746c6aa7d51499",
    "type": "split",
    "children": [
      {
        "id": "92a1639e56242063",
        "type": "tabs",
        "children": [
          {
            "id": "8c801faf8b05bb8e",
            "type": "leaf",
            "state": {
              "type": "backlink",
              "state": {
                "file": "Day-2/1.1 Manual Tools to check malware.md",
                "collapseAll": false,
                "extraContext": false,
                "sortOrder": "alphabetical",
                "showSearch": false,
                "searchQuery": "",
                "backlinkCollapsed": false,
                "unlinkedCollapsed": true
              }
            }
          },
          {
            "id": "5b9c2c6e6e7bd98f",
            "type": "leaf",
            "state": {
              "type": "outgoing-link",
              "state": {
                "file": "Day-2/1.1 Manual Tools to check malware.md",
                "linksCollapsed": false,
                "unlinkedCollapsed": true
              }
            }
          },
          {
            "id": "ddefbf72c394ae70",
            "type": "leaf",
            "state": {
              "type": "tag",
              "state": {
                "sortOrder": "frequency",
                "useHierarchy": true
              }
            }
          },
          {
            "id": "8953359d09cc0c37",
            "type": "leaf",
            "state": {
              "type": "outline",
              "state": {
                "file": "Day-2/1.1 Manual Tools to check malware.md"
              }
            }
          }
        ],
        "currentTab": 3
      }
    ],
    "direction": "horizontal",
    "width": 300,
    "collapsed": true
  },
  "left-ribbon": {
    "hiddenItems": {
      "switcher:Open quick switcher": false,
      "graph:Open graph view": false,
      "canvas:Create new canvas": false,
      "daily-notes:Open today's daily note": false,
      "templates:Insert template": false,
      "command-palette:Open command palette": false
    }
  },
  "active": "aeb84f4f42093aff",
  "lastOpenFiles": [
    "0 - pre-req/1. Tools for Host OS.md",
    "Day-4/8. OSSEC HIDS Lab.md",
    "Day-4/7. Host- Endpoint Intrusion Detection Lab using Wazuh.md",
    "Day-4/6. Visualization of security events using ELK.md",
    "Day-4/5. Visualization of network traffic data.md",
    "Day-4/4.2 Using Zeek  NIDS.md",
    "Day-4/4.1  Using Snort NIDS.md",
    "Day-4/4. IDS Lab.md",
    "Day-4/3. Wifi password cracking lab.md",
    "Day-4/2. Reconnaissance on wifi network using aircrack-ng.md",
    "Day-4/1. Password sniffing in wifi network.md",
    "Day-3/5. MITM - Proxy.md",
    "Day-3/4.1 Arp Spoofing lab.md",
    "Day-3/4. Arp Spoofing.md",
    "Day-3/3.2 Juice Shop.md",
    "Day-3/3.1 VWA.md",
    "Day-3/3. Web Security.md",
    "Day-3/2. Integer Overflow Lab.md",
    "Day-3/1.1 Buffer overflow Exploit.md",
    "Day-3/1. Buffer overflow.md",
    "Day-2/3.2 Policy Analyzer.md",
    "Day-2/3.1 Group Policy to block Firefox on Windows.md",
    "Day-2/3. GPO.md",
    "Day-2/2. Lynis Tool for Linux.md",
    "Pasted image 20240726143958.png",
    "Day-2/1.7. OTX.md",
    "Day-2/1.5. Use of Virus Total.md",
    "Pasted image 20240724090942.png",
    "Pasted image 20240708113157.png",
    "Pasted image 20240720195147.png",
    "Pasted image 20240720195128.png",
    "Pasted image 20240720194351.png",
    "Pasted image 20240720194302.png",
    "Pasted image 20240720194146.png",
    "Pasted image 20240720193755.png",
    "Pasted image 20240720193103.png",
    "Untitled",
    "Day-4",
    "0 - pre-req",
    "Day-1",
    "Untitled.canvas",
    "Day-3",
    "Day-2"
  ]
}